{
  "project_info": {
    "project_number": "1007923464103",
    "firebase_url": "https://forgetmenot-50365.firebaseio.com",
    "project_id": "forgetmenot-50365",
    "storage_bucket": "forgetmenot-50365.appspot.com"
  },
  "client": [
    {
      "client_info": {
        "mobilesdk_app_id": "1:1007923464103:android:c9050e0a4e6e9cbb",
        "android_client_info": {
          "package_name": "com.fmn.samuel.forgetmenot"
        }
      },
      "oauth_client": [
        {
          "client_id": "1007923464103-5i43u1rg7969vv9pv6bbqntq815utj7l.apps.googleusercontent.com",
          "client_type": 1,
          "android_info": {
            "package_name": "com.fmn.samuel.forgetmenot",
            "certificate_hash": "2a1a8f2f8beefab2925b6f6cb3fdf394a0dc3971"
          }
        },
        {
          "client_id": "1007923464103-fmr5rc6cvus9vvb4qcriaiis09ee172h.apps.googleusercontent.com",
          "client_type": 3
        }
      ],
      "api_key": [
        {
          "current_key": "AIzaSyBptoHRfbr70bYSf9yiOJx08fdcAuW56x4"
        }
      ],
      "services": {
        "analytics_service": {
          "status": 1
        },
        "appinvite_service": {
          "status": 2,
          "other_platform_oauth_client": [
            {
              "client_id": "1007923464103-fmr5rc6cvus9vvb4qcriaiis09ee172h.apps.googleusercontent.com",
              "client_type": 3
            }
          ]
        },
        "ads_service": {
          "status": 2
        }
      }
    }
  ],
  "configuration_version": "1"
}